INSERT INTO genres(genreid, "name")
VALUES (1, 'Классика'), (2, 'Поп'), (3, 'Рок');

INSERT INTO artists(artistid, "name")
VALUES (1, 'Планеты'), (2, 'ВИА Деревья'), (3, 'ВИА Животные'),(4, 'ВИА Насекомые'),
(5, 'Цветы'), (6, 'ВИА Струнные');

INSERT INTO artistgenres(artistid, genreid)
VALUES (1, 1), (1, 2), (2, 3),(3, 1),
(3, 2), (4, 2),(4, 1), (5, 1), (6, 3);

INSERT INTO albums(albumid, title, release_date)
VALUES (1, 'Созвездие Тельца', '1791-03-15'), (2, 'Галактика Андромеды', '1786-02-28'), (3, 'Хвойные', '1775-06-27'),
(4, 'Лиственные', '2019-01-16'),(5, 'Млекопитающие', '1999-04-22'), (6, 'Пресмыкающиеся', '1998-11-22'),
 (7, 'Паукообразные', '1996-12-23'),(9, 'Бобовые', '2020-07-15'), (10, 'Лилейные', '1989-09-09'),
 (11, 'Классические', '2003-10-30'), (12, 'Народные', '1997-08-07');

INSERT INTO artistalbums(albumid,artistid)
VALUES (1, 1), (1, 6), (1, 3), (2, 2), (3, 3), (3, 4), (4, 2), (5, 4), (5, 2), (5, 6),
(6, 4), (7, 5), (7, 4), (8, 4), (8, 2), (8, 1), (9, 5), (10, 5), (11, 5), (11, 2), (12, 6);

INSERT INTO collections(collectionid, "name", release_date)
VALUES (1, 'Самый первый', 2005), (2, 'Поющие все', 2019), (3, 'Винегрет', 2024),
(4, 'Садовод', 2007),  (5, 'Звёздный', 2012);

INSERT INTO tracks(trackid, title, duration, albumid)
VALUES
(1, 'Плутон', '00:06:40', 1),
(2, 'Юпитер', '00:05:56', 1),
(3, 'Сатурн', '00:04:00', 2),
(4, 'Венера', '00:03:37', 2),
(5, 'Ель', '00:10:05', 3),
(6, 'Кедр', '00:11:17', 3),
(7, 'Дуб мой', '00:04:01', 4),
(8, 'Клён', '00:09:06', 4),
(9, 'Человек', '00:04:36', 5),
(10, 'Зебра', '00:03:36', 5),
(11, 'Ящерица', '00:04:10', 6),
(12, 'Черепаха', '00:05:20', 6),
(13, 'Стрекозы', '00:04:19', 7),
(14, 'Двукрылые', '00:03:51', 7),
(15, 'Краб мой', '00:04:13', 8),
(16, 'Пчела', '00:04:01', 8),
(17, 'Акация', '00:05:56', 9),
(18, 'Мимоза', '00:04:29', 9),
(19, 'Ландыш', '00:03:58', 10),
(20, 'Тюльпан', '00:03:50', 10),
(21, 'Oh my Альт!', '00:05:45', 11),
(22, 'Арфа', '00:05:13', 11),
(23, 'Гусли', '00:04:05', 12),
(24, 'Домра', '00:05:16', 12);

INSERT INTO collectiontracks(collectionid, trackid)
VALUES (1, 24), (1, 5), (1, 1), (1, 10), (2, 18), (2, 12), (2, 24),
(2, 10), (3, 3), (3, 6), (3, 8), (3, 5), (4, 7), (4, 17), (4, 20), (4, 6), (5, 22),
(5, 21), (5, 8), (5, 13);